0;1;2;3;4;5;6;7;8;9
(RN;465/2021,;vigente;a;partir;de;01/04/2021;;;
RN;nº;473/2021,;vigente;a;partir;de;08/11/2021;;
RN;nº;478/2022,;vigente;a;partir;de;20/01/2022;;
RN;nº;480/2022,;vigente;a;partir;de;14/02/2022;;
RN;nº;536/2022,;vigente;a;partir;de;06/05/2022;;
RN;nº;538/2022,;vigente;a;partir;de;22/10/2022;;
RN;nº;541/2022,;vigente;a;partir;de;01/08/2022;;
RN;nº;542/2022,;vigente;a;partir;de;01/09/2022;;
RN;nº;544/2022,;vigente;a;partir;de;21/09/2022;;
RN;nº;546/2022,;vigente;a;partir;de;03/10/2022;;
RN;nº;571/2023,;vigente;a;partir;de;10/02/2023;;
RN;nº;577/2023,;vigente;a;partir;de;09/05/2023;;
RN;nº;581/2023,;vigente;a;partir;de;12/07/2023;;
RN;nº;582/2023,;vigente;a;partir;de;01/08/2023;;
RN;nº;584/2023,;vigente;a;partir;de;01/09/2023;;
RN;nº;592/2023,;vigente;a;partir;de;18/12/2023;;
RN;nº;599/2024,;vigente;a;partir;de;05/03/2024;;
RN;nº;600/2024,;vigente;a;partir;de;01/04/2024;;
RN;nº;603/2024,;vigente;a;partir;de;02/05/2024;;
RN;nº;604/2024,;vigente;a;partir;de;07/05/2024;;
RN;nº;606/2024,;vigente;a;partir;de;21/06/2024;;
RN;nº;607/2024,;vigente;a;partir;de;01/07/2024;;
RN;nº;610/2024,;vigente;a;partir;de;01/08/2024;;
RN;nº;619/2024,;vigente;a;partir;de;02/01/2025;;
RN;nº;624/2024,;vigente;a;partir;de;03/02/2025;;
RN;nº;625/2024,;vigente;a;partir;de;23/12/2024;;
RN;nº;627/2024,;vigente;a;partir;de;17/02/2025;;
01/08/2022;;;;;;;;;
01/08/2022;;;;;;;;;
(RN;465/2021,;vigente;a;partir;de;01/04/2021,;e;suas;alterações)
(RN;465/2021,;vigente;a;partir;de;01/04/2021,;e;suas;alterações)
01/08/2022;;;;;;;;;
01/08/2022;;;;;;;;;
01/08/2022;;;;;;;;;
01/08/2022;;;;;;;;;
01/08/2022;;;;;;;;;
03/10/2022;;;;;;;;;
03/10/2022;;;;;;;;;
(RN;465/2021,;vigente;a;partir;de;01/04/2021,;e;suas;alterações)
06/05/2022;;;;;;;;;
(RN;465/2021,;vigente;a;partir;de;01/04/2021,;e;suas;alterações)
(RN;465/2021,;vigente;a;partir;de;01/04/2021,;e;suas;alterações)
(RN;465/2021,;vigente;a;partir;de;01/04/2021,;e;suas;alterações)
10/02/2023;;;;;;;;;
12/07/2023;;;;;;;;;
05/03/2024;;;;;;;;;
22/10/2022;;;;;;;;;
01/04/2021;;;;;;;;;
03/02/2025;;;;;;;;;
18/12/2023;;;;;;;;;
03/10/2022;;;;;;;;;
22/10/2022;;;;;;;;;
02/01/2025;;;;;;;;;
(RN;465/2021,;vigente;a;partir;de;01/04/2021,;e;suas;alterações)
(RN;465/2021,;vigente;a;partir;de;01/04/2021,;e;suas;alterações)
(RN;465/2021,;vigente;a;partir;de;01/04/2021,;e;suas;alterações)
(RN;465/2021,;vigente;a;partir;de;01/04/2021,;e;suas;alterações)
(RN;465/2021,;vigente;a;partir;de;01/04/2021,;e;suas;alterações)
(RN;465/2021,;vigente;a;partir;de;01/04/2021,;e;suas;alterações)
(RN;465/2021,;vigente;a;partir;de;01/04/2021,;e;suas;alterações)
(RN;465/2021,;vigente;a;partir;de;01/04/2021,;e;suas;alterações)
(RN;465/2021,;vigente;a;partir;de;01/04/2021,;e;suas;alterações)
(RN;465/2021,;vigente;a;partir;de;01/04/2021,;e;suas;alterações)
(RN;465/2021,;vigente;a;partir;de;01/04/2021,;e;suas;alterações)
(RN;465/2021,;vigente;a;partir;de;01/04/2021,;e;suas;alterações)
(RN;465/2021,;vigente;a;partir;de;01/04/2021,;e;suas;alterações)
(RN;465/2021,;vigente;a;partir;de;01/04/2021,;e;suas;alterações)
(RN;465/2021,;vigente;a;partir;de;01/04/2021,;e;suas;alterações)
(RN;465/2021,;vigente;a;partir;de;01/04/2021,;e;suas;alterações)
(RN;465/2021,;vigente;a;partir;de;01/04/2021,;e;suas;alterações)
(RN;465/2021,;vigente;a;partir;de;01/04/2021,;e;suas;alterações)
(RN;465/2021,;vigente;a;partir;de;01/04/2021,;e;suas;alterações)
(RN;465/2021,;vigente;a;partir;de;01/04/2021,;e;suas;alterações)
(RN;465/2021,;vigente;a;partir;de;01/04/2021,;e;suas;alterações)
(RN;465/2021,;vigente;a;partir;de;01/04/2021,;e;suas;alterações)
08/11/2021;;;;;;;;;
(RN;465/2021,;vigente;a;partir;de;01/04/2021,;e;suas;alterações)
(RN;465/2021,;vigente;a;partir;de;01/04/2021,;e;suas;alterações)
(RN;465/2021,;vigente;a;partir;de;01/04/2021,;e;suas;alterações)
(RN;465/2021,;vigente;a;partir;de;01/04/2021,;e;suas;alterações)
(RN;465/2021,;vigente;a;partir;de;01/04/2021,;e;suas;alterações)
(RN;465/2021,;vigente;a;partir;de;01/04/2021,;e;suas;alterações)
(RN;465/2021,;vigente;a;partir;de;01/04/2021,;e;suas;alterações)
(RN;465/2021,;vigente;a;partir;de;01/04/2021,;e;suas;alterações)
(RN;465/2021,;vigente;a;partir;de;01/04/2021,;e;suas;alterações)
(RN;465/2021,;vigente;a;partir;de;01/04/2021,;e;suas;alterações)
(RN;465/2021,;vigente;a;partir;de;01/04/2021,;e;suas;alterações)
(RN;465/2021,;vigente;a;partir;de;01/04/2021,;e;suas;alterações)
(RN;465/2021,;vigente;a;partir;de;01/04/2021,;e;suas;alterações)
(RN;465/2021,;vigente;a;partir;de;01/04/2021,;e;suas;alterações)
(RN;465/2021,;vigente;a;partir;de;01/04/2021,;e;suas;alterações)
(RN;465/2021,;vigente;a;partir;de;01/04/2021,;e;suas;alterações)
(RN;465/2021,;vigente;a;partir;de;01/04/2021,;e;suas;alterações)
(RN;465/2021,;vigente;a;partir;de;01/04/2021,;e;suas;alterações)
(RN;465/2021,;vigente;a;partir;de;01/04/2021,;e;suas;alterações)
(RN;465/2021,;vigente;a;partir;de;01/04/2021,;e;suas;alterações)
(RN;465/2021,;vigente;a;partir;de;01/04/2021,;e;suas;alterações)
(RN;465/2021,;vigente;a;partir;de;01/04/2021,;e;suas;alterações)
(RN;465/2021,;vigente;a;partir;de;01/04/2021,;e;suas;alterações)
(RN;465/2021,;vigente;a;partir;de;01/04/2021,;e;suas;alterações)
(RN;465/2021,;vigente;a;partir;de;01/04/2021,;e;suas;alterações)
(RN;465/2021,;vigente;a;partir;de;01/04/2021,;e;suas;alterações)
(RN;465/2021,;vigente;a;partir;de;01/04/2021,;e;suas;alterações)
(RN;465/2021,;vigente;a;partir;de;01/04/2021,;e;suas;alterações)
(RN;465/2021,;vigente;a;partir;de;01/04/2021,;e;suas;alterações)
(RN;465/2021,;vigente;a;partir;de;01/04/2021,;e;suas;alterações)
(RN;465/2021,;vigente;a;partir;de;01/04/2021,;e;suas;alterações)
(RN;465/2021,;vigente;a;partir;de;01/04/2021,;e;suas;alterações)
(RN;465/2021,;vigente;a;partir;de;01/04/2021,;e;suas;alterações)
(RN;465/2021,;vigente;a;partir;de;01/04/2021,;e;suas;alterações)
(RN;465/2021,;vigente;a;partir;de;01/04/2021,;e;suas;alterações)
(RN;465/2021,;vigente;a;partir;de;01/04/2021,;e;suas;alterações)
(RN;465/2021,;vigente;a;partir;de;01/04/2021,;e;suas;alterações)
(RN;465/2021,;vigente;a;partir;de;01/04/2021,;e;suas;alterações)
(RN;465/2021,;vigente;a;partir;de;01/04/2021,;e;suas;alterações)
(RN;465/2021,;vigente;a;partir;de;01/04/2021,;e;suas;alterações)
(RN;465/2021,;vigente;a;partir;de;01/04/2021,;e;suas;alterações)
01/07/2024;;;;;;;;;
(RN;465/2021,;vigente;a;partir;de;01/04/2021,;e;suas;alterações)
17/02/2025;;;;;;;;;
(RN;465/2021,;vigente;a;partir;de;01/04/2021,;e;suas;alterações)
(RN;465/2021,;vigente;a;partir;de;01/04/2021,;e;suas;alterações)
(RN;465/2021,;vigente;a;partir;de;01/04/2021,;e;suas;alterações)
(RN;465/2021,;vigente;a;partir;de;01/04/2021,;e;suas;alterações)
(RN;465/2021,;vigente;a;partir;de;01/04/2021,;e;suas;alterações)
(RN;465/2021,;vigente;a;partir;de;01/04/2021,;e;suas;alterações)
(RN;465/2021,;vigente;a;partir;de;01/04/2021,;e;suas;alterações)
(RN;465/2021,;vigente;a;partir;de;01/04/2021,;e;suas;alterações)
(RN;465/2021,;vigente;a;partir;de;01/04/2021,;e;suas;alterações)
(RN;465/2021,;vigente;a;partir;de;01/04/2021,;e;suas;alterações)
(RN;465/2021,;vigente;a;partir;de;01/04/2021,;e;suas;alterações)
07/05/2024;;;;;;;;;
01/08/2024;;;;;;;;;
07/05/2024;;;;;;;;;
01/08/2024;;;;;;;;;
07/05/2024;;;;;;;;;
01/08/2024;;;;;;;;;
(RN;465/2021,;vigente;a;partir;de;01/04/2021,;e;suas;alterações)
01/04/2024;;;;;;;;;
(RN;465/2021,;vigente;a;partir;de;01/04/2021,;e;suas;alterações)
(RN;465/2021,;vigente;a;partir;de;01/04/2021,;e;suas;alterações)
(RN;465/2021,;vigente;a;partir;de;01/04/2021,;e;suas;alterações)
(RN;465/2021,;vigente;a;partir;de;01/04/2021,;e;suas;alterações)
(RN;465/2021,;vigente;a;partir;de;01/04/2021,;e;suas;alterações)
(RN;465/2021,;vigente;a;partir;de;01/04/2021,;e;suas;alterações)
(RN;465/2021,;vigente;a;partir;de;01/04/2021,;e;suas;alterações)
(RN;465/2021,;vigente;a;partir;de;01/04/2021,;e;suas;alterações)
(RN;465/2021,;vigente;a;partir;de;01/04/2021,;e;suas;alterações)
(RN;465/2021,;vigente;a;partir;de;01/04/2021,;e;suas;alterações)
01/08/2023;;;;;;;;;
(RN;465/2021,;vigente;a;partir;de;01/04/2021,;e;suas;alterações)
(RN;465/2021,;vigente;a;partir;de;01/04/2021,;e;suas;alterações)
(RN;465/2021,;vigente;a;partir;de;01/04/2021,;e;suas;alterações)
(RN;465/2021,;vigente;a;partir;de;01/04/2021,;e;suas;alterações)
(RN;465/2021,;vigente;a;partir;de;01/04/2021,;e;suas;alterações)
01/09/2022;;;;;;;;;
(RN;465/2021,;vigente;a;partir;de;01/04/2021,;e;suas;alterações)
(RN;465/2021,;vigente;a;partir;de;01/04/2021,;e;suas;alterações)
(RN;465/2021,;vigente;a;partir;de;01/04/2021,;e;suas;alterações)
22/10/2022;;;;;;;;;
(RN;465/2021,;vigente;a;partir;de;01/04/2021,;e;suas;alterações)
(RN;465/2021,;vigente;a;partir;de;01/04/2021,;e;suas;alterações)
(RN;465/2021,;vigente;a;partir;de;01/04/2021,;e;suas;alterações)
(RN;465/2021,;vigente;a;partir;de;01/04/2021,;e;suas;alterações)
03/10/2022;;;;;;;;;
(RN;465/2021,;vigente;a;partir;de;01/04/2021,;e;suas;alterações)
(RN;465/2021,;vigente;a;partir;de;01/04/2021,;e;suas;alterações)
(RN;465/2021,;vigente;a;partir;de;01/04/2021,;e;suas;alterações)
(RN;465/2021,;vigente;a;partir;de;01/04/2021,;e;suas;alterações)
(RN;465/2021,;vigente;a;partir;de;01/04/2021,;e;suas;alterações)
(RN;465/2021,;vigente;a;partir;de;01/04/2021,;e;suas;alterações)
21/06/2024;;;;;;;;;
(RN;465/2021,;vigente;a;partir;de;01/04/2021,;e;suas;alterações)
(RN;465/2021,;vigente;a;partir;de;01/04/2021,;e;suas;alterações)
(RN;465/2021,;vigente;a;partir;de;01/04/2021,;e;suas;alterações)
(RN;465/2021,;vigente;a;partir;de;01/04/2021,;e;suas;alterações)
(RN;465/2021,;vigente;a;partir;de;01/04/2021,;e;suas;alterações)
(RN;465/2021,;vigente;a;partir;de;01/04/2021,;e;suas;alterações)
(RN;465/2021,;vigente;a;partir;de;01/04/2021,;e;suas;alterações)
(RN;465/2021,;vigente;a;partir;de;01/04/2021,;e;suas;alterações)
(RN;465/2021,;vigente;a;partir;de;01/04/2021,;e;suas;alterações)
(RN;465/2021,;vigente;a;partir;de;01/04/2021,;e;suas;alterações)
(RN;465/2021,;vigente;a;partir;de;01/04/2021,;e;suas;alterações)
06/05/2022;;;;;;;;;
(RN;465/2021,;vigente;a;partir;de;01/04/2021,;e;suas;alterações)
(RN;465/2021,;vigente;a;partir;de;01/04/2021,;e;suas;alterações)
(RN;465/2021,;vigente;a;partir;de;01/04/2021,;e;suas;alterações)
(RN;465/2021,;vigente;a;partir;de;01/04/2021,;e;suas;alterações)
(RN;465/2021,;vigente;a;partir;de;01/04/2021,;e;suas;alterações)
(RN;465/2021,;vigente;a;partir;de;01/04/2021,;e;suas;alterações)
(RN;465/2021,;vigente;a;partir;de;01/04/2021,;e;suas;alterações)
(RN;465/2021,;vigente;a;partir;de;01/04/2021,;e;suas;alterações)
(RN;465/2021,;vigente;a;partir;de;01/04/2021,;e;suas;alterações)
(RN;465/2021,;vigente;a;partir;de;01/04/2021,;e;suas;alterações)
(RN;465/2021,;vigente;a;partir;de;01/04/2021,;e;suas;alterações)
(RN;465/2021,;vigente;a;partir;de;01/04/2021,;e;suas;alterações)
(RN;465/2021,;vigente;a;partir;de;01/04/2021,;e;suas;alterações)
(RN;465/2021,;vigente;a;partir;de;01/04/2021,;e;suas;alterações)
(RN;465/2021,;vigente;a;partir;de;01/04/2021,;e;suas;alterações)
(RN;465/2021,;vigente;a;partir;de;01/04/2021,;e;suas;alterações)
02/07/2022;;;;;;;;;
20/01/2022;;;;;;;;;
(RN;465/2021,;vigente;a;partir;de;01/04/2021,;e;suas;alterações)
02/01/2025;;;;;;;;;
(RN;465/2021,;vigente;a;partir;de;01/04/2021,;e;suas;alterações)
(RN;465/2021,;vigente;a;partir;de;01/04/2021,;e;suas;alterações)
(RN;465/2021,;vigente;a;partir;de;01/04/2021,;e;suas;alterações)
(RN;465/2021,;vigente;a;partir;de;01/04/2021,;e;suas;alterações)
(RN;465/2021,;vigente;a;partir;de;01/04/2021,;e;suas;alterações)
(RN;465/2021,;vigente;a;partir;de;01/04/2021,;e;suas;alterações)
(RN;465/2021,;vigente;a;partir;de;01/04/2021,;e;suas;alterações)
17/02/2025;;;;;;;;;
(RN;465/2021,;vigente;a;partir;de;01/04/2021,;e;suas;alterações)
01/04/2021;;;;;;;;;
23/12/2024;;;;;;;;;
02/07/2022;;;;;;;;;
02/07/2022;;;;;;;;;
02/01/2025;;;;;;;;;
02/01/2025;;;;;;;;;
21/09/2022;;;;;;;;;
(RN;465/2021,;vigente;a;partir;de;01/04/2021,;e;suas;alterações)
(RN;465/2021,;vigente;a;partir;de;01/04/2021,;e;suas;alterações)
(RN;465/2021,;vigente;a;partir;de;01/04/2021,;e;suas;alterações)
03/10/2022;;;;;;;;;
03/10/2022;;;;;;;;;
(RN;465/2021,;vigente;a;partir;de;01/04/2021,;e;suas;alterações)
(RN;465/2021,;vigente;a;partir;de;01/04/2021,;e;suas;alterações)
01/09/2022;;;;;;;;;
(RN;465/2021,;vigente;a;partir;de;01/04/2021,;e;suas;alterações)
09/05/2023;;;;;;;;;
(RN;465/2021,;vigente;a;partir;de;01/04/2021,;e;suas;alterações)
(RN;465/2021,;vigente;a;partir;de;01/04/2021,;e;suas;alterações)
(RN;465/2021,;vigente;a;partir;de;01/04/2021,;e;suas;alterações)
(RN;465/2021,;vigente;a;partir;de;01/04/2021,;e;suas;alterações)
(RN;465/2021,;vigente;a;partir;de;01/04/2021,;e;suas;alterações)
(RN;465/2021,;vigente;a;partir;de;01/04/2021,;e;suas;alterações)
(RN;465/2021,;vigente;a;partir;de;01/04/2021,;e;suas;alterações)
(RN;465/2021,;vigente;a;partir;de;01/04/2021,;e;suas;alterações)
(RN;465/2021,;vigente;a;partir;de;01/04/2021,;e;suas;alterações)
(RN;465/2021,;vigente;a;partir;de;01/04/2021,;e;suas;alterações)
(RN;465/2021,;vigente;a;partir;de;01/04/2021,;e;suas;alterações)
(RN;465/2021,;vigente;a;partir;de;01/04/2021,;e;suas;alterações)
(RN;465/2021,;vigente;a;partir;de;01/04/2021,;e;suas;alterações)
(RN;465/2021,;vigente;a;partir;de;01/04/2021,;e;suas;alterações)
(RN;465/2021,;vigente;a;partir;de;01/04/2021,;e;suas;alterações)
01/09/2022;;;;;;;;;
(RN;465/2021,;vigente;a;partir;de;01/04/2021,;e;suas;alterações)
(RN;465/2021,;vigente;a;partir;de;01/04/2021,;e;suas;alterações)
(RN;465/2021,;vigente;a;partir;de;01/04/2021,;e;suas;alterações)
(RN;465/2021,;vigente;a;partir;de;01/04/2021,;e;suas;alterações)
(RN;465/2021,;vigente;a;partir;de;01/04/2021,;e;suas;alterações)
(RN;465/2021,;vigente;a;partir;de;01/04/2021,;e;suas;alterações)
02/05/2024;;;;;;;;;
(RN;465/2021,;vigente;a;partir;de;01/04/2021,;e;suas;alterações)
01/09/2023;;;;;;;;;
(RN;465/2021,;vigente;a;partir;de;01/04/2021,;e;suas;alterações)
(RN;465/2021,;vigente;a;partir;de;01/04/2021,;e;suas;alterações)
(RN;465/2021,;vigente;a;partir;de;01/04/2021,;e;suas;alterações)
(RN;465/2021,;vigente;a;partir;de;01/04/2021,;e;suas;alterações)
(RN;465/2021,;vigente;a;partir;de;01/04/2021,;e;suas;alterações)
